{
  "compute_0": {
    "elapsed_mean": 0.0012931009100000002,
    "elapsed_std": 0.0001309350371834993
  },
  "compute_1": {
    "elapsed_mean": 0.007242353130000001,
    "elapsed_std": 0.00015605543972819626
  },
  "compute_2": {
    "elapsed_mean": 0.0008444882099999999,
    "elapsed_std": 0.00016977932523061675
  },
  "compute_ref": {
    "elapsed_mean": 0.0012808372699999997,
    "elapsed_std": 0.0003052141721362315
  }
}
