{
  "elapsed": [
    5.054308997,
    5.121037654,
    5.179580562,
    5.184547119,
    5.158692627,
    5.049824562,
    5.035451063,
    5.030522652,
    5.039337021,
    5.131340602
  ],
  "elapsed_mean": 5.0984642859000004,
  "elapsed_std": 0.06289872299790905
}
